Dominant_Topic,scores_sum,pos_num,neg_num
1,-0.33360168302945303,193,520
2,-0.16803940886699506,242,367
3,-0.21489662447257385,182,292
4,-0.2989433628318584,176,389
5,-0.26605959031657356,179,358
